Line,Smell,Number of Lines,Threshold_nol,Number of Children,Threshold_noc,File
67,long class,616,200,46,20,../input_projects/java_projects/eclipse-collections-11.1.0/acceptance-tests/src/test/java/org/eclipse/collections/impl/parallel/ParallelIterateAcceptanceTest.java
24,long class,215,200,14,20,../input_projects/java_projects/eclipse-collections-11.1.0/acceptance-tests/src/test/java/org/eclipse/collections/impl/map/mutable/primitive/IntIntMapProbeTest.java
24,long class,214,200,14,20,../input_projects/java_projects/eclipse-collections-11.1.0/acceptance-tests/src/test/java/org/eclipse/collections/impl/map/mutable/primitive/IntLongMapProbeTest.java
38,long class,220,200,17,20,../input_projects/java_projects/eclipse-collections-11.1.0/acceptance-tests/src/test/java/org/eclipse/collections/impl/map/mutable/ConcurrentHashMapAcceptanceTest.java
34,long class,1693,200,91,20,../input_projects/java_projects/eclipse-collections-11.1.0/acceptance-tests/src/test/java/org/eclipse/collections/impl/map/mutable/UnifiedMapAcceptanceTest.java
63,long class,555,200,44,20,../input_projects/java_projects/eclipse-collections-11.1.0/acceptance-tests/src/test/java/org/eclipse/collections/impl/forkjoin/FJIterateAcceptanceTest.java
32,long class,516,200,32,20,../input_projects/java_projects/eclipse-collections-11.1.0/acceptance-tests/src/test/java/org/eclipse/collections/impl/concurrent/MultiReaderUnifiedSetAcceptanceTest.java
37,long class,844,200,46,20,../input_projects/java_projects/eclipse-collections-11.1.0/acceptance-tests/src/test/java/org/eclipse/collections/impl/set/mutable/UnifiedSetAcceptanceTest.java
39,long class,351,200,26,20,../input_projects/java_projects/eclipse-collections-11.1.0/jmh-tests/src/main/java/org/eclipse/collections/impl/jmh/IntIntMapLargeStressTest.java
34,long class,236,200,17,20,../input_projects/java_projects/eclipse-collections-11.1.0/jmh-tests/src/main/java/org/eclipse/collections/impl/jmh/LongLongMapLargeStressTest.java
52,long class,488,200,29,20,../input_projects/java_projects/eclipse-collections-11.1.0/jmh-tests/src/main/java/org/eclipse/collections/impl/jmh/FunctionalInterfaceTest.java
32,long class,144,200,22,20,../input_projects/java_projects/eclipse-collections-11.1.0/jmh-tests/src/main/java/org/eclipse/collections/impl/jmh/AnySatisfyTest.java
50,long class,339,200,13,20,../input_projects/java_projects/eclipse-collections-11.1.0/jmh-tests/src/main/java/org/eclipse/collections/impl/jmh/FunctionalInterfaceSetTest.java
44,long class,424,200,47,20,../input_projects/java_projects/eclipse-collections-11.1.0/jmh-tests/src/main/java/org/eclipse/collections/impl/jmh/IntListJMHTest.java
48,long class,601,200,68,20,../input_projects/java_projects/eclipse-collections-11.1.0/jmh-tests/src/main/java/org/eclipse/collections/impl/jmh/GroupBySetTest.java
47,long class,763,200,65,20,../input_projects/java_projects/eclipse-collections-11.1.0/jmh-tests/src/main/java/org/eclipse/collections/impl/jmh/AggregateByTest.java
33,long class,186,200,21,20,../input_projects/java_projects/eclipse-collections-11.1.0/jmh-tests/src/main/java/org/eclipse/collections/impl/jmh/SumByDoubleTest.java
37,long class,227,200,14,20,../input_projects/java_projects/eclipse-collections-11.1.0/jmh-tests/src/main/java/org/eclipse/collections/impl/jmh/CountTest.java
37,long class,227,200,14,20,../input_projects/java_projects/eclipse-collections-11.1.0/jmh-tests/src/main/java/org/eclipse/collections/impl/jmh/CountSetTest.java
31,long class,134,200,21,20,../input_projects/java_projects/eclipse-collections-11.1.0/jmh-tests/src/main/java/org/eclipse/collections/impl/jmh/GroupByListTest.java
35,long class,241,200,18,20,../input_projects/java_projects/eclipse-collections-11.1.0/jmh-tests/src/main/java/org/eclipse/collections/impl/jmh/LongLongMapSmallStressTest.java
40,long class,358,200,27,20,../input_projects/java_projects/eclipse-collections-11.1.0/jmh-tests/src/main/java/org/eclipse/collections/impl/jmh/IntIntMapSmallStressTest.java
29,long class,205,200,11,20,../input_projects/java_projects/eclipse-collections-11.1.0/eclipse-collections-code-generator/src/main/java/org/eclipse/collections/codegenerator/EclipseCollectionsCodeGenerator.java
48,long class,1045,200,75,20,../input_projects/java_projects/eclipse-collections-11.1.0/performance-tests/src/test/java/org/eclipse/collections/impl/parallel/SerialParallelPerformanceTest.java
54,long class,1055,200,82,20,../input_projects/java_projects/eclipse-collections-11.1.0/performance-tests/src/test/java/org/eclipse/collections/impl/parallel/SerialParallelLazyPerformanceTest.java
70,long class,782,200,52,20,../input_projects/java_projects/eclipse-collections-11.1.0/unit-tests/src/test/java/org/eclipse/collections/impl/parallel/ParallelIterateTest.java
45,long class,319,200,42,20,../input_projects/java_projects/eclipse-collections-11.1.0/unit-tests/src/test/java/org/eclipse/collections/impl/collection/mutable/UnmodifiableMutableCollectionTestCase.java
28,long class,476,200,25,20,../input_projects/java_projects/eclipse-collections-11.1.0/unit-tests/src/test/java/org/eclipse/collections/impl/collection/mutable/primitive/AbstractMutableBooleanCollectionTestCase.java
28,long class,170,200,23,20,../input_projects/java_projects/eclipse-collections-11.1.0/unit-tests/src/test/java/org/eclipse/collections/impl/collection/mutable/primitive/AbstractMutableBooleanStackTestCase.java
35,long class,593,200,43,20,../input_projects/java_projects/eclipse-collections-11.1.0/unit-tests/src/test/java/org/eclipse/collections/impl/collection/mutable/primitive/AbstractBooleanIterableTestCase.java
53,long class,256,200,26,20,../input_projects/java_projects/eclipse-collections-11.1.0/unit-tests/src/test/java/org/eclipse/collections/impl/collection/mutable/CollectionAdapterTest.java
67,long class,337,200,31,20,../input_projects/java_projects/eclipse-collections-11.1.0/unit-tests/src/test/java/org/eclipse/collections/impl/collection/mutable/UnmodifiableMutableCollectionTest.java
40,long class,291,200,27,20,../input_projects/java_projects/eclipse-collections-11.1.0/unit-tests/src/test/java/org/eclipse/collections/impl/collection/mutable/AbstractCollectionTestCase.java
67,long class,879,200,95,20,../input_projects/java_projects/eclipse-collections-11.1.0/unit-tests/src/test/java/org/eclipse/collections/impl/collection/immutable/AbstractImmutableCollectionTestCase.java
177,long class,2077,200,200,20,../input_projects/java_projects/eclipse-collections-11.1.0/unit-tests/src/test/java/org/eclipse/collections/impl/AbstractRichIterableTestCase.java
30,long class,239,200,20,20,../input_projects/java_projects/eclipse-collections-11.1.0/unit-tests/src/test/java/org/eclipse/collections/impl/tuple/TuplesTest.java
80,long class,641,200,65,20,../input_projects/java_projects/eclipse-collections-11.1.0/unit-tests/src/test/java/org/eclipse/collections/impl/tuple/primitive/PrimitiveTuplesTest.java
60,long class,193,200,24,20,../input_projects/java_projects/eclipse-collections-11.1.0/unit-tests/src/test/java/org/eclipse/collections/impl/stream/PrimitiveStreamsTest.java
61,long class,1447,200,122,20,../input_projects/java_projects/eclipse-collections-11.1.0/unit-tests/src/test/java/org/eclipse/collections/impl/collector/Collectors2Test.java
62,long class,774,200,60,20,../input_projects/java_projects/eclipse-collections-11.1.0/unit-tests/src/test/java/org/eclipse/collections/impl/collector/Collectors2AdditionalTest.java
13,long class,133,200,21,20,../input_projects/java_projects/eclipse-collections-11.1.0/unit-tests/src/test/java/org/eclipse/collections/impl/math/MutableLong.java
15,long class,143,200,22,20,../input_projects/java_projects/eclipse-collections-11.1.0/unit-tests/src/test/java/org/eclipse/collections/impl/math/MutableCharacter.java
98,long class,1705,200,154,20,../input_projects/java_projects/eclipse-collections-11.1.0/unit-tests/src/test/java/org/eclipse/collections/impl/map/MapIterableTestCase.java
52,long class,768,200,69,20,../input_projects/java_projects/eclipse-collections-11.1.0/unit-tests/src/test/java/org/eclipse/collections/impl/map/mutable/MutableMapIterableTestCase.java
58,long class,795,200,95,20,../input_projects/java_projects/eclipse-collections-11.1.0/unit-tests/src/test/java/org/eclipse/collections/impl/map/mutable/primitive/AbstractObjectBooleanMapKeyValuesViewTestCase.java
23,long class,288,200,34,20,../input_projects/java_projects/eclipse-collections-11.1.0/unit-tests/src/test/java/org/eclipse/collections/impl/map/mutable/primitive/UnmodifiableObjectBooleanMapTest.java
25,long class,325,200,19,20,../input_projects/java_projects/eclipse-collections-11.1.0/unit-tests/src/test/java/org/eclipse/collections/impl/map/mutable/primitive/ObjectBooleanHashMapTestCase.java
26,long class,216,200,21,20,../input_projects/java_projects/eclipse-collections-11.1.0/unit-tests/src/test/java/org/eclipse/collections/impl/map/mutable/primitive/ObjectBooleanHashMapWithHashingStrategyTest.java
27,long class,545,200,33,20,../input_projects/java_projects/eclipse-collections-11.1.0/unit-tests/src/test/java/org/eclipse/collections/impl/map/mutable/primitive/AbstractMutableObjectBooleanMapTestCase.java
31,long class,410,200,28,20,../input_projects/java_projects/eclipse-collections-11.1.0/unit-tests/src/test/java/org/eclipse/collections/impl/map/mutable/primitive/ObjectBooleanHashMapValuesTestCase.java
29,long class,527,200,42,20,../input_projects/java_projects/eclipse-collections-11.1.0/unit-tests/src/test/java/org/eclipse/collections/impl/map/mutable/primitive/AbstractObjectBooleanMapTestCase.java
25,long class,204,200,19,20,../input_projects/java_projects/eclipse-collections-11.1.0/unit-tests/src/test/java/org/eclipse/collections/impl/map/mutable/primitive/ObjectBooleanHashMapKeySetTestCase.java
46,long class,370,200,33,20,../input_projects/java_projects/eclipse-collections-11.1.0/unit-tests/src/test/java/org/eclipse/collections/impl/map/mutable/ConcurrentHashMapUnsafeTest.java
45,long class,370,200,33,20,../input_projects/java_projects/eclipse-collections-11.1.0/unit-tests/src/test/java/org/eclipse/collections/impl/map/mutable/ConcurrentHashMapTest.java
28,long class,484,200,65,20,../input_projects/java_projects/eclipse-collections-11.1.0/unit-tests/src/test/java/org/eclipse/collections/impl/map/mutable/UnmodifiableMutableMapTest.java
43,long class,844,200,62,20,../input_projects/java_projects/eclipse-collections-11.1.0/unit-tests/src/test/java/org/eclipse/collections/impl/map/mutable/UnifiedMapTestCase.java
42,long class,851,200,56,20,../input_projects/java_projects/eclipse-collections-11.1.0/unit-tests/src/test/java/org/eclipse/collections/impl/map/mutable/UnifiedMapTest.java
29,long class,276,200,21,20,../input_projects/java_projects/eclipse-collections-11.1.0/unit-tests/src/test/java/org/eclipse/collections/impl/map/immutable/ImmutableTripletonMapTest.java
32,long class,282,200,27,20,../input_projects/java_projects/eclipse-collections-11.1.0/unit-tests/src/test/java/org/eclipse/collections/impl/map/immutable/ImmutableSingletonMapTest.java
31,long class,253,200,25,20,../input_projects/java_projects/eclipse-collections-11.1.0/unit-tests/src/test/java/org/eclipse/collections/impl/map/immutable/primitive/ImmutableObjectBooleanSingletonMapTest.java
30,long class,217,200,25,20,../input_projects/java_projects/eclipse-collections-11.1.0/unit-tests/src/test/java/org/eclipse/collections/impl/map/immutable/primitive/ImmutableObjectBooleanEmptyMapTest.java
29,long class,344,200,21,20,../input_projects/java_projects/eclipse-collections-11.1.0/unit-tests/src/test/java/org/eclipse/collections/impl/map/immutable/ImmutableQuadrupletonMapTest.java
31,long class,266,200,24,20,../input_projects/java_projects/eclipse-collections-11.1.0/unit-tests/src/test/java/org/eclipse/collections/impl/map/immutable/ImmutableDoubletonMapTest.java
25,long class,225,200,23,20,../input_projects/java_projects/eclipse-collections-11.1.0/unit-tests/src/test/java/org/eclipse/collections/impl/map/immutable/ImmutableEmptyMapTest.java
37,long class,483,200,45,20,../input_projects/java_projects/eclipse-collections-11.1.0/unit-tests/src/test/java/org/eclipse/collections/impl/map/immutable/ImmutableMapIterableTestCase.java
55,long class,1091,200,49,20,../input_projects/java_projects/eclipse-collections-11.1.0/unit-tests/src/test/java/org/eclipse/collections/impl/map/immutable/ImmutableMemoryEfficientMapTestCase.java
64,long class,1272,200,98,20,../input_projects/java_projects/eclipse-collections-11.1.0/unit-tests/src/test/java/org/eclipse/collections/impl/map/fixed/AbstractMemoryEfficientMutableMapTest.java
36,long class,456,200,53,20,../input_projects/java_projects/eclipse-collections-11.1.0/unit-tests/src/test/java/org/eclipse/collections/impl/map/fixed/EmptyMapTest.java
35,long class,402,200,37,20,../input_projects/java_projects/eclipse-collections-11.1.0/unit-tests/src/test/java/org/eclipse/collections/impl/map/fixed/DoubletonMapTest.java
35,long class,380,200,37,20,../input_projects/java_projects/eclipse-collections-11.1.0/unit-tests/src/test/java/org/eclipse/collections/impl/map/fixed/SingletonMapTest.java
37,long class,491,200,39,20,../input_projects/java_projects/eclipse-collections-11.1.0/unit-tests/src/test/java/org/eclipse/collections/impl/map/fixed/TripletonMapTest.java
31,long class,555,200,72,20,../input_projects/java_projects/eclipse-collections-11.1.0/unit-tests/src/test/java/org/eclipse/collections/impl/map/sorted/mutable/UnmodifiableTreeMapTest.java
60,long class,878,200,72,20,../input_projects/java_projects/eclipse-collections-11.1.0/unit-tests/src/test/java/org/eclipse/collections/impl/map/sorted/mutable/MutableSortedMapTestCase.java
37,long class,418,200,40,20,../input_projects/java_projects/eclipse-collections-11.1.0/unit-tests/src/test/java/org/eclipse/collections/impl/map/sorted/immutable/ImmutableEmptySortedMapTest.java
38,long class,259,200,34,20,../input_projects/java_projects/eclipse-collections-11.1.0/unit-tests/src/test/java/org/eclipse/collections/impl/map/sorted/immutable/ImmutableTreeMapTest.java
50,long class,749,200,53,20,../input_projects/java_projects/eclipse-collections-11.1.0/unit-tests/src/test/java/org/eclipse/collections/impl/map/sorted/immutable/ImmutableSortedMapTestCase.java
48,long class,980,200,63,20,../input_projects/java_projects/eclipse-collections-11.1.0/unit-tests/src/test/java/org/eclipse/collections/impl/map/strategy/mutable/UnifiedMapWithHashingStrategyTest.java
28,long class,240,200,25,20,../input_projects/java_projects/eclipse-collections-11.1.0/unit-tests/src/test/java/org/eclipse/collections/impl/map/strategy/immutable/ImmutableEmptyMapWithHashingStrategyTest.java
32,long class,207,200,21,20,../input_projects/java_projects/eclipse-collections-11.1.0/unit-tests/src/test/java/org/eclipse/collections/impl/multimap/AbstractImmutableMultimapTestCase.java
38,long class,347,200,28,20,../input_projects/java_projects/eclipse-collections-11.1.0/unit-tests/src/test/java/org/eclipse/collections/impl/multimap/AbstractMutableMultimapTestCase.java
41,long class,351,200,20,20,../input_projects/java_projects/eclipse-collections-11.1.0/unit-tests/src/test/java/org/eclipse/collections/impl/multimap/UnifiedSetWithHashingStrategyMultimapTest.java
35,long class,206,200,18,20,../input_projects/java_projects/eclipse-collections-11.1.0/unit-tests/src/test/java/org/eclipse/collections/impl/multimap/set/AbstractMutableSetMultimapTestCase.java
42,long class,214,200,15,20,../input_projects/java_projects/eclipse-collections-11.1.0/unit-tests/src/test/java/org/eclipse/collections/impl/multimap/set/sorted/ImmutableSortedSetMultimapTest.java
28,long class,213,200,18,20,../input_projects/java_projects/eclipse-collections-11.1.0/unit-tests/src/test/java/org/eclipse/collections/impl/multimap/bag/AbstractMutableBagMultimapTestCase.java
43,long class,346,200,41,20,../input_projects/java_projects/eclipse-collections-11.1.0/unit-tests/src/test/java/org/eclipse/collections/impl/multimap/AbstractMultimapTestCase.java
59,long class,673,200,51,20,../input_projects/java_projects/eclipse-collections-11.1.0/unit-tests/src/test/java/org/eclipse/collections/impl/PersonAndPetKataTest.java
46,long class,1087,200,84,20,../input_projects/java_projects/eclipse-collections-11.1.0/unit-tests/src/test/java/org/eclipse/collections/impl/list/IntervalTest.java
30,long class,526,200,30,20,../input_projects/java_projects/eclipse-collections-11.1.0/unit-tests/src/test/java/org/eclipse/collections/impl/list/mutable/CompositeFastListTest.java
25,long class,173,200,23,20,../input_projects/java_projects/eclipse-collections-11.1.0/unit-tests/src/test/java/org/eclipse/collections/impl/list/mutable/UnmodifiableMutableListTestCase.java
32,long class,434,200,49,20,../input_projects/java_projects/eclipse-collections-11.1.0/unit-tests/src/test/java/org/eclipse/collections/impl/list/mutable/primitive/AbstractBooleanListTestCase.java
21,long class,290,200,36,20,../input_projects/java_projects/eclipse-collections-11.1.0/unit-tests/src/test/java/org/eclipse/collections/impl/list/mutable/primitive/UnmodifiableBooleanListTest.java
30,long class,214,200,20,20,../input_projects/java_projects/eclipse-collections-11.1.0/unit-tests/src/test/java/org/eclipse/collections/impl/list/mutable/RandomAccessListAdapterTest.java
40,long class,370,200,44,20,../input_projects/java_projects/eclipse-collections-11.1.0/unit-tests/src/test/java/org/eclipse/collections/impl/list/mutable/UnmodifiableMutableListTest.java
65,long class,1170,200,99,20,../input_projects/java_projects/eclipse-collections-11.1.0/unit-tests/src/test/java/org/eclipse/collections/impl/list/mutable/FastListTest.java
77,long class,1170,200,108,20,../input_projects/java_projects/eclipse-collections-11.1.0/unit-tests/src/test/java/org/eclipse/collections/impl/list/mutable/AbstractListTestCase.java
55,long class,1050,200,93,20,../input_projects/java_projects/eclipse-collections-11.1.0/unit-tests/src/test/java/org/eclipse/collections/impl/list/mutable/MultiReaderFastListTest.java
67,long class,715,200,66,20,../input_projects/java_projects/eclipse-collections-11.1.0/unit-tests/src/test/java/org/eclipse/collections/impl/list/immutable/AbstractImmutableListTestCase.java
31,long class,354,200,29,20,../input_projects/java_projects/eclipse-collections-11.1.0/unit-tests/src/test/java/org/eclipse/collections/impl/list/immutable/primitive/AbstractImmutableBooleanListTestCase.java
42,long class,503,200,56,20,../input_projects/java_projects/eclipse-collections-11.1.0/unit-tests/src/test/java/org/eclipse/collections/impl/list/immutable/ImmutableEmptyListTest.java
33,long class,220,200,25,20,../input_projects/java_projects/eclipse-collections-11.1.0/unit-tests/src/test/java/org/eclipse/collections/impl/list/immutable/ImmutableArrayListTest.java
50,long class,1141,200,85,20,../input_projects/java_projects/eclipse-collections-11.1.0/unit-tests/src/test/java/org/eclipse/collections/impl/list/primitive/IntIntervalTest.java
48,long class,1159,200,87,20,../input_projects/java_projects/eclipse-collections-11.1.0/unit-tests/src/test/java/org/eclipse/collections/impl/list/primitive/LongIntervalTest.java
29,long class,214,200,14,20,../input_projects/java_projects/eclipse-collections-11.1.0/unit-tests/src/test/java/org/eclipse/collections/impl/list/fixed/FixedSizeListFactoryTest.java
40,long class,519,200,66,20,../input_projects/java_projects/eclipse-collections-11.1.0/unit-tests/src/test/java/org/eclipse/collections/impl/list/fixed/SingletonListTest.java
30,long class,191,200,21,20,../input_projects/java_projects/eclipse-collections-11.1.0/unit-tests/src/test/java/org/eclipse/collections/impl/list/fixed/DoubletonListTest.java
44,long class,684,200,65,20,../input_projects/java_projects/eclipse-collections-11.1.0/unit-tests/src/test/java/org/eclipse/collections/impl/list/fixed/ArrayAdapterTest.java
28,long class,273,200,34,20,../input_projects/java_projects/eclipse-collections-11.1.0/unit-tests/src/test/java/org/eclipse/collections/impl/list/fixed/EmptyListTest.java
26,long class,187,200,21,20,../input_projects/java_projects/eclipse-collections-11.1.0/unit-tests/src/test/java/org/eclipse/collections/impl/list/fixed/SextupletonListTest.java
28,long class,336,200,33,20,../input_projects/java_projects/eclipse-collections-11.1.0/unit-tests/src/test/java/org/eclipse/collections/impl/list/fixed/TripletonListTest.java
29,long class,183,200,21,20,../input_projects/java_projects/eclipse-collections-11.1.0/unit-tests/src/test/java/org/eclipse/collections/impl/list/fixed/QuadrupletonListTest.java
36,long class,345,200,40,20,../input_projects/java_projects/eclipse-collections-11.1.0/unit-tests/src/test/java/org/eclipse/collections/impl/list/fixed/AbstractMemoryEfficientMutableListTestCase.java
26,long class,185,200,21,20,../input_projects/java_projects/eclipse-collections-11.1.0/unit-tests/src/test/java/org/eclipse/collections/impl/list/fixed/QuintupletonListTest.java
58,long class,1092,200,102,20,../input_projects/java_projects/eclipse-collections-11.1.0/unit-tests/src/test/java/org/eclipse/collections/impl/lazy/parallel/ParallelIterableTestCase.java
29,long class,202,200,17,20,../input_projects/java_projects/eclipse-collections-11.1.0/unit-tests/src/test/java/org/eclipse/collections/impl/lazy/parallel/list/SynchronizedMutableListParallelListIterableTest.java
27,long class,194,200,29,20,../input_projects/java_projects/eclipse-collections-11.1.0/unit-tests/src/test/java/org/eclipse/collections/impl/lazy/parallel/set/sorted/ImmutableEmptySortedSetParallelTest.java
26,long class,201,200,9,20,../input_projects/java_projects/eclipse-collections-11.1.0/unit-tests/src/test/java/org/eclipse/collections/impl/lazy/DropIterableTest.java
75,long class,889,200,109,20,../input_projects/java_projects/eclipse-collections-11.1.0/unit-tests/src/test/java/org/eclipse/collections/impl/lazy/AbstractLazyIterableTestCase.java
27,long class,190,200,23,20,../input_projects/java_projects/eclipse-collections-11.1.0/unit-tests/src/test/java/org/eclipse/collections/impl/lazy/primitive/CollectBooleanIterableTest.java
29,long class,207,200,24,20,../input_projects/java_projects/eclipse-collections-11.1.0/unit-tests/src/test/java/org/eclipse/collections/impl/lazy/primitive/ReverseBooleanIterableTest.java
25,long class,213,200,17,20,../input_projects/java_projects/eclipse-collections-11.1.0/unit-tests/src/test/java/org/eclipse/collections/impl/bimap/mutable/AbstractMutableBiMapKeySetTestCase.java
33,long class,486,200,31,20,../input_projects/java_projects/eclipse-collections-11.1.0/unit-tests/src/test/java/org/eclipse/collections/impl/bimap/mutable/AbstractMutableBiMapTestCase.java
29,long class,220,200,21,20,../input_projects/java_projects/eclipse-collections-11.1.0/unit-tests/src/test/java/org/eclipse/collections/impl/bimap/mutable/AbstractMutableBiMapEntrySetTest.java
26,long class,216,200,17,20,../input_projects/java_projects/eclipse-collections-11.1.0/unit-tests/src/test/java/org/eclipse/collections/impl/bimap/mutable/AbstractMutableBiMapValuesTestCase.java
33,long class,529,200,68,20,../input_projects/java_projects/eclipse-collections-11.1.0/unit-tests/src/test/java/org/eclipse/collections/impl/bimap/mutable/UnmodifiableBiMapTest.java
26,long class,463,200,38,20,../input_projects/java_projects/eclipse-collections-11.1.0/unit-tests/src/test/java/org/eclipse/collections/impl/string/immutable/CodePointAdapterTest.java
26,long class,449,200,37,20,../input_projects/java_projects/eclipse-collections-11.1.0/unit-tests/src/test/java/org/eclipse/collections/impl/string/immutable/CodePointListTest.java
25,long class,217,200,26,20,../input_projects/java_projects/eclipse-collections-11.1.0/unit-tests/src/test/java/org/eclipse/collections/impl/stack/mutable/MutableStackTestCase.java
24,long class,159,200,21,20,../input_projects/java_projects/eclipse-collections-11.1.0/unit-tests/src/test/java/org/eclipse/collections/impl/stack/mutable/UnmodifiableStackTest.java
84,long class,1323,200,121,20,../input_projects/java_projects/eclipse-collections-11.1.0/unit-tests/src/test/java/org/eclipse/collections/impl/stack/StackIterableTestCase.java
50,long class,865,200,50,20,../input_projects/java_projects/eclipse-collections-11.1.0/unit-tests/src/test/java/org/eclipse/collections/impl/set/mutable/AbstractMutableSetTestCase.java
38,long class,763,200,45,20,../input_projects/java_projects/eclipse-collections-11.1.0/unit-tests/src/test/java/org/eclipse/collections/impl/set/mutable/primitive/ImmutableBooleanHashSetTest.java
22,long class,185,200,21,20,../input_projects/java_projects/eclipse-collections-11.1.0/unit-tests/src/test/java/org/eclipse/collections/impl/set/mutable/primitive/UnmodifiableBooleanSetTest.java
37,long class,1032,200,55,20,../input_projects/java_projects/eclipse-collections-11.1.0/unit-tests/src/test/java/org/eclipse/collections/impl/set/mutable/primitive/AbstractBooleanSetTestCase.java
35,long class,473,200,35,20,../input_projects/java_projects/eclipse-collections-11.1.0/unit-tests/src/test/java/org/eclipse/collections/impl/set/mutable/primitive/AbstractImmutableByteHashSetTestCase.java
26,long class,507,200,27,20,../input_projects/java_projects/eclipse-collections-11.1.0/unit-tests/src/test/java/org/eclipse/collections/impl/set/mutable/primitive/ByteHashSetTest.java
35,long class,632,200,43,20,../input_projects/java_projects/eclipse-collections-11.1.0/unit-tests/src/test/java/org/eclipse/collections/impl/set/mutable/primitive/AbstractByteSetTestCase.java
38,long class,380,200,37,20,../input_projects/java_projects/eclipse-collections-11.1.0/unit-tests/src/test/java/org/eclipse/collections/impl/set/mutable/MultiReaderUnifiedSetTest.java
40,long class,653,200,28,20,../input_projects/java_projects/eclipse-collections-11.1.0/unit-tests/src/test/java/org/eclipse/collections/impl/set/mutable/UnifiedSetTest.java
33,long class,254,200,33,20,../input_projects/java_projects/eclipse-collections-11.1.0/unit-tests/src/test/java/org/eclipse/collections/impl/set/mutable/UnmodifiableMutableSetTest.java
48,long class,1135,200,47,20,../input_projects/java_projects/eclipse-collections-11.1.0/unit-tests/src/test/java/org/eclipse/collections/impl/set/mutable/UnifiedSetWithHashingStrategyTest.java
32,long class,346,200,40,20,../input_projects/java_projects/eclipse-collections-11.1.0/unit-tests/src/test/java/org/eclipse/collections/impl/set/immutable/AbstractImmutableEmptySetTestCase.java
41,long class,387,200,39,20,../input_projects/java_projects/eclipse-collections-11.1.0/unit-tests/src/test/java/org/eclipse/collections/impl/set/immutable/AbstractImmutableSetTestCase.java
41,long class,456,200,58,20,../input_projects/java_projects/eclipse-collections-11.1.0/unit-tests/src/test/java/org/eclipse/collections/impl/set/immutable/AbstractImmutableUnifiedSetTestCase.java
31,long class,300,200,36,20,../input_projects/java_projects/eclipse-collections-11.1.0/unit-tests/src/test/java/org/eclipse/collections/impl/set/fixed/EmptySetTest.java
32,long class,201,200,20,20,../input_projects/java_projects/eclipse-collections-11.1.0/unit-tests/src/test/java/org/eclipse/collections/impl/set/fixed/TripletonSetTest.java
29,long class,236,200,20,20,../input_projects/java_projects/eclipse-collections-11.1.0/unit-tests/src/test/java/org/eclipse/collections/impl/set/fixed/FixedSizeSetFactoryTest.java
55,long class,523,200,57,20,../input_projects/java_projects/eclipse-collections-11.1.0/unit-tests/src/test/java/org/eclipse/collections/impl/set/fixed/AbstractMemoryEfficientMutableSetTestCase.java
46,long class,534,200,63,20,../input_projects/java_projects/eclipse-collections-11.1.0/unit-tests/src/test/java/org/eclipse/collections/impl/set/fixed/SingletonSetTest.java
39,long class,204,200,19,20,../input_projects/java_projects/eclipse-collections-11.1.0/unit-tests/src/test/java/org/eclipse/collections/impl/set/fixed/DoubletonSetTest.java
29,long class,350,200,46,20,../input_projects/java_projects/eclipse-collections-11.1.0/unit-tests/src/test/java/org/eclipse/collections/impl/set/sorted/mutable/UnmodifiableSortedSetTest.java
37,long class,216,200,22,20,../input_projects/java_projects/eclipse-collections-11.1.0/unit-tests/src/test/java/org/eclipse/collections/impl/set/sorted/mutable/SortedSetAdapterTest.java
60,long class,1023,200,87,20,../input_projects/java_projects/eclipse-collections-11.1.0/unit-tests/src/test/java/org/eclipse/collections/impl/set/sorted/mutable/AbstractSortedSetTestCase.java
59,long class,1173,200,128,20,../input_projects/java_projects/eclipse-collections-11.1.0/unit-tests/src/test/java/org/eclipse/collections/impl/set/sorted/immutable/AbstractImmutableSortedSetTestCase.java
55,long class,802,200,85,20,../input_projects/java_projects/eclipse-collections-11.1.0/unit-tests/src/test/java/org/eclipse/collections/impl/set/sorted/immutable/ImmutableEmptySortedSetTest.java
52,long class,263,200,26,20,../input_projects/java_projects/eclipse-collections-11.1.0/unit-tests/src/test/java/org/eclipse/collections/impl/bag/mutable/UnmodifiableBagTest.java
48,long class,553,200,44,20,../input_projects/java_projects/eclipse-collections-11.1.0/unit-tests/src/test/java/org/eclipse/collections/impl/bag/mutable/MutableBagTestCase.java
24,long class,225,200,26,20,../input_projects/java_projects/eclipse-collections-11.1.0/unit-tests/src/test/java/org/eclipse/collections/impl/bag/mutable/primitive/UnmodifiableBooleanBagTest.java
34,long class,304,200,26,20,../input_projects/java_projects/eclipse-collections-11.1.0/unit-tests/src/test/java/org/eclipse/collections/impl/bag/mutable/primitive/AbstractMutableBooleanBagTestCase.java
48,long class,599,200,55,20,../input_projects/java_projects/eclipse-collections-11.1.0/unit-tests/src/test/java/org/eclipse/collections/impl/bag/mutable/MultiReaderHashBagTest.java
44,long class,273,200,23,20,../input_projects/java_projects/eclipse-collections-11.1.0/unit-tests/src/test/java/org/eclipse/collections/impl/bag/mutable/SynchronizedBagTest.java
32,long class,220,200,16,20,../input_projects/java_projects/eclipse-collections-11.1.0/unit-tests/src/test/java/org/eclipse/collections/impl/bag/immutable/ImmutableArrayBagTest.java
34,long class,211,200,20,20,../input_projects/java_projects/eclipse-collections-11.1.0/unit-tests/src/test/java/org/eclipse/collections/impl/bag/immutable/primitive/AbstractImmutableBooleanBagTestCase.java
47,long class,703,200,74,20,../input_projects/java_projects/eclipse-collections-11.1.0/unit-tests/src/test/java/org/eclipse/collections/impl/bag/immutable/ImmutableSingletonBagTest.java
54,long class,619,200,68,20,../input_projects/java_projects/eclipse-collections-11.1.0/unit-tests/src/test/java/org/eclipse/collections/impl/bag/immutable/ImmutableEmptyBagTest.java
90,long class,1593,200,139,20,../input_projects/java_projects/eclipse-collections-11.1.0/unit-tests/src/test/java/org/eclipse/collections/impl/bag/immutable/ImmutableBagTestCase.java
83,long class,1917,200,146,20,../input_projects/java_projects/eclipse-collections-11.1.0/unit-tests/src/test/java/org/eclipse/collections/impl/bag/sorted/mutable/AbstractMutableSortedBagTestCase.java
36,long class,347,200,37,20,../input_projects/java_projects/eclipse-collections-11.1.0/unit-tests/src/test/java/org/eclipse/collections/impl/bag/sorted/mutable/UnmodifiableSortedBagTest.java
84,long class,1509,200,131,20,../input_projects/java_projects/eclipse-collections-11.1.0/unit-tests/src/test/java/org/eclipse/collections/impl/bag/sorted/immutable/AbstractImmutableSortedBagTestCase.java
69,long class,879,200,96,20,../input_projects/java_projects/eclipse-collections-11.1.0/unit-tests/src/test/java/org/eclipse/collections/impl/bag/sorted/immutable/ImmutableEmptySortedBagTest.java
32,long class,252,200,15,20,../input_projects/java_projects/eclipse-collections-11.1.0/unit-tests/src/test/java/org/eclipse/collections/impl/factory/MapsTest.java
36,long class,455,200,28,20,../input_projects/java_projects/eclipse-collections-11.1.0/unit-tests/src/test/java/org/eclipse/collections/impl/factory/ListsTest.java
38,long class,305,200,13,20,../input_projects/java_projects/eclipse-collections-11.1.0/unit-tests/src/test/java/org/eclipse/collections/impl/factory/MultimapsTest.java
37,long class,316,200,20,20,../input_projects/java_projects/eclipse-collections-11.1.0/unit-tests/src/test/java/org/eclipse/collections/impl/factory/IterablesTest.java
48,long class,1071,200,77,20,../input_projects/java_projects/eclipse-collections-11.1.0/unit-tests/src/test/java/org/eclipse/collections/impl/factory/SetsTest.java
34,long class,257,200,13,20,../input_projects/java_projects/eclipse-collections-11.1.0/unit-tests/src/test/java/org/eclipse/collections/impl/factory/BagsTest.java
42,long class,311,200,39,20,../input_projects/java_projects/eclipse-collections-11.1.0/unit-tests/src/test/java/org/eclipse/collections/impl/UnmodifiableMapEntrySetTest.java
20,long class,167,200,22,20,../input_projects/java_projects/eclipse-collections-11.1.0/unit-tests/src/test/java/org/eclipse/collections/impl/block/function/StringFunctionsTest.java
36,long class,231,200,23,20,../input_projects/java_projects/eclipse-collections-11.1.0/unit-tests/src/test/java/org/eclipse/collections/impl/block/procedure/ProceduresTest.java
44,long class,620,200,79,20,../input_projects/java_projects/eclipse-collections-11.1.0/unit-tests/src/test/java/org/eclipse/collections/impl/block/CheckedBlocksTest.java
27,long class,237,200,17,20,../input_projects/java_projects/eclipse-collections-11.1.0/unit-tests/src/test/java/org/eclipse/collections/impl/block/factory/HashingStrategiesTest.java
43,long class,602,200,65,20,../input_projects/java_projects/eclipse-collections-11.1.0/unit-tests/src/test/java/org/eclipse/collections/impl/block/factory/FunctionsTest.java
45,long class,365,200,33,20,../input_projects/java_projects/eclipse-collections-11.1.0/unit-tests/src/test/java/org/eclipse/collections/impl/block/factory/ComparatorsTest.java
24,long class,337,200,32,20,../input_projects/java_projects/eclipse-collections-11.1.0/unit-tests/src/test/java/org/eclipse/collections/impl/block/factory/Predicates2Test.java
18,long class,236,200,26,20,../input_projects/java_projects/eclipse-collections-11.1.0/unit-tests/src/test/java/org/eclipse/collections/impl/block/factory/StringPredicatesTest.java
36,long class,1005,200,106,20,../input_projects/java_projects/eclipse-collections-11.1.0/unit-tests/src/test/java/org/eclipse/collections/impl/block/factory/PredicatesTest.java
31,long class,549,200,76,20,../input_projects/java_projects/eclipse-collections-11.1.0/unit-tests/src/test/java/org/eclipse/collections/impl/utility/IterateNullTest.java
50,long class,895,200,82,20,../input_projects/java_projects/eclipse-collections-11.1.0/unit-tests/src/test/java/org/eclipse/collections/impl/utility/StringIterateTest.java
70,long class,1647,200,146,20,../input_projects/java_projects/eclipse-collections-11.1.0/unit-tests/src/test/java/org/eclipse/collections/impl/utility/ArrayListIterateTest.java
114,long class,2318,200,214,20,../input_projects/java_projects/eclipse-collections-11.1.0/unit-tests/src/test/java/org/eclipse/collections/impl/utility/IterateTest.java
64,long class,664,200,71,20,../input_projects/java_projects/eclipse-collections-11.1.0/unit-tests/src/test/java/org/eclipse/collections/impl/utility/MapIterateTest.java
57,long class,1099,200,110,20,../input_projects/java_projects/eclipse-collections-11.1.0/unit-tests/src/test/java/org/eclipse/collections/impl/utility/ListIterateTest.java
48,long class,480,200,47,20,../input_projects/java_projects/eclipse-collections-11.1.0/unit-tests/src/test/java/org/eclipse/collections/impl/utility/internal/RandomAccessListIterateTest.java
53,long class,731,200,76,20,../input_projects/java_projects/eclipse-collections-11.1.0/unit-tests/src/test/java/org/eclipse/collections/impl/utility/internal/IterableIterateTest.java
70,long class,1451,200,159,20,../input_projects/java_projects/eclipse-collections-11.1.0/unit-tests/src/test/java/org/eclipse/collections/impl/utility/ArrayIterateTest.java
35,long class,235,200,18,20,../input_projects/java_projects/eclipse-collections-11.1.0/unit-tests/src/test/java/org/eclipse/collections/impl/utility/LazyIterateTest.java
27,long class,415,200,15,20,../input_projects/java_projects/eclipse-collections-11.1.0/eclipse-collections-code-generator-maven-plugin/target/generated-sources/plugin/org/eclipse/collections/codegenerator/maven/HelpMojo.java
28,long class,250,200,29,20,../input_projects/java_projects/eclipse-collections-11.1.0/unit-tests-java8/src/test/java/org/eclipse/collections/test/map/mutable/UnifiedMapWithHashingStrategyNoIteratorTest.java
70,long class,584,200,43,20,../input_projects/java_projects/eclipse-collections-11.1.0/eclipse-collections-forkjoin/src/test/java/org/eclipse/collections/impl/forkjoin/FJIterateTest.java
70,long class,1065,200,66,20,../input_projects/java_projects/eclipse-collections-11.1.0/eclipse-collections-forkjoin/src/main/java/org/eclipse/collections/impl/forkjoin/FJIterate.java
31,long class,380,200,12,20,../input_projects/java_projects/eclipse-collections-11.1.0/eclipse-collections-testutils/src/test/java/org/eclipse/collections/impl/test/CollectionsEqualTest.java
26,long class,318,200,24,20,../input_projects/java_projects/eclipse-collections-11.1.0/eclipse-collections-testutils/src/test/java/org/eclipse/collections/impl/test/ClassComparerTest.java
58,long class,1320,200,87,20,../input_projects/java_projects/eclipse-collections-11.1.0/eclipse-collections-testutils/src/test/java/org/eclipse/collections/impl/test/VerifyTest.java
45,long class,191,200,24,20,../input_projects/java_projects/eclipse-collections-11.1.0/eclipse-collections-testutils/src/main/java/org/eclipse/collections/impl/test/ClassComparer.java
79,long class,3756,200,178,20,../input_projects/java_projects/eclipse-collections-11.1.0/eclipse-collections-testutils/src/main/java/org/eclipse/collections/impl/test/Verify.java
69,long class,1649,200,112,20,../input_projects/java_projects/eclipse-collections-11.1.0/eclipse-collections/src/main/java/org/eclipse/collections/impl/parallel/ParallelIterate.java
51,long class,452,200,50,20,../input_projects/java_projects/eclipse-collections-11.1.0/eclipse-collections/src/main/java/org/eclipse/collections/impl/collection/mutable/AbstractSynchronizedMutableCollection.java
48,long class,207,200,22,20,../input_projects/java_projects/eclipse-collections-11.1.0/eclipse-collections/src/main/java/org/eclipse/collections/impl/collection/mutable/AbstractMutableCollection.java
87,long class,801,200,120,20,../input_projects/java_projects/eclipse-collections-11.1.0/eclipse-collections/src/main/java/org/eclipse/collections/impl/collection/mutable/AbstractCollectionAdapter.java
94,long class,2209,200,267,20,../input_projects/java_projects/eclipse-collections-11.1.0/eclipse-collections/src/main/java/org/eclipse/collections/impl/collection/mutable/AbstractMultiReaderMutableCollection.java
1452,long class,804,200,123,20,../input_projects/java_projects/eclipse-collections-11.1.0/eclipse-collections/src/main/java/org/eclipse/collections/impl/collection/mutable/AbstractMultiReaderMutableCollection.java
81,long class,989,200,155,20,../input_projects/java_projects/eclipse-collections-11.1.0/eclipse-collections/src/main/java/org/eclipse/collections/impl/collection/mutable/AbstractUnmodifiableMutableCollection.java
50,long class,196,200,22,20,../input_projects/java_projects/eclipse-collections-11.1.0/eclipse-collections/src/main/java/org/eclipse/collections/impl/collection/immutable/AbstractImmutableCollection.java
83,long class,1539,200,164,20,../input_projects/java_projects/eclipse-collections-11.1.0/eclipse-collections/src/main/java/org/eclipse/collections/impl/collection/AbstractSynchronizedRichIterable.java
97,long class,406,200,81,20,../input_projects/java_projects/eclipse-collections-11.1.0/eclipse-collections/src/main/java/org/eclipse/collections/impl/tuple/primitive/PrimitiveTuples.java
59,long class,126,200,25,20,../input_projects/java_projects/eclipse-collections-11.1.0/eclipse-collections/src/main/java/org/eclipse/collections/impl/stream/PrimitiveStreams.java
113,long class,2076,200,93,20,../input_projects/java_projects/eclipse-collections-11.1.0/eclipse-collections/src/main/java/org/eclipse/collections/impl/collector/Collectors2.java
96,long class,1105,200,173,20,../input_projects/java_projects/eclipse-collections-11.1.0/eclipse-collections/src/main/java/org/eclipse/collections/impl/map/mutable/UnmodifiableMutableMap.java
33,long class,162,200,25,20,../input_projects/java_projects/eclipse-collections-11.1.0/eclipse-collections/src/main/java/org/eclipse/collections/impl/map/mutable/MapAdapter.java
66,long class,3261,200,193,20,../input_projects/java_projects/eclipse-collections-11.1.0/eclipse-collections/src/main/java/org/eclipse/collections/impl/map/mutable/UnifiedMap.java
2102,long class,311,200,24,20,../input_projects/java_projects/eclipse-collections-11.1.0/eclipse-collections/src/main/java/org/eclipse/collections/impl/map/mutable/UnifiedMap.java
2556,long class,361,200,26,20,../input_projects/java_projects/eclipse-collections-11.1.0/eclipse-collections/src/main/java/org/eclipse/collections/impl/map/mutable/UnifiedMap.java
3038,long class,217,200,18,20,../input_projects/java_projects/eclipse-collections-11.1.0/eclipse-collections/src/main/java/org/eclipse/collections/impl/map/mutable/UnifiedMap.java
73,long class,1891,200,182,20,../input_projects/java_projects/eclipse-collections-11.1.0/eclipse-collections/src/main/java/org/eclipse/collections/impl/map/mutable/primitive/ObjectBooleanHashMapWithHashingStrategy.java
1418,long class,341,200,47,20,../input_projects/java_projects/eclipse-collections-11.1.0/eclipse-collections/src/main/java/org/eclipse/collections/impl/map/mutable/primitive/ObjectBooleanHashMapWithHashingStrategy.java
42,long class,751,200,76,20,../input_projects/java_projects/eclipse-collections-11.1.0/eclipse-collections/src/main/java/org/eclipse/collections/impl/map/mutable/primitive/AbstractMutableBooleanValuesMap.java
520,long class,272,200,43,20,../input_projects/java_projects/eclipse-collections-11.1.0/eclipse-collections/src/main/java/org/eclipse/collections/impl/map/mutable/primitive/AbstractMutableBooleanValuesMap.java
72,long class,1866,200,178,20,../input_projects/java_projects/eclipse-collections-11.1.0/eclipse-collections/src/main/java/org/eclipse/collections/impl/map/mutable/primitive/ObjectBooleanHashMap.java
1392,long class,341,200,47,20,../input_projects/java_projects/eclipse-collections-11.1.0/eclipse-collections/src/main/java/org/eclipse/collections/impl/map/mutable/primitive/ObjectBooleanHashMap.java
55,long class,2263,200,130,20,../input_projects/java_projects/eclipse-collections-11.1.0/eclipse-collections/src/main/java/org/eclipse/collections/impl/map/mutable/ConcurrentHashMap.java
66,long class,277,200,41,20,../input_projects/java_projects/eclipse-collections-11.1.0/eclipse-collections/src/main/java/org/eclipse/collections/impl/map/mutable/AbstractMutableMap.java
56,long class,2394,200,133,20,../input_projects/java_projects/eclipse-collections-11.1.0/eclipse-collections/src/main/java/org/eclipse/collections/impl/map/mutable/ConcurrentHashMapUnsafe.java
63,long class,450,200,56,20,../input_projects/java_projects/eclipse-collections-11.1.0/eclipse-collections/src/main/java/org/eclipse/collections/impl/map/mutable/SynchronizedMutableMap.java
41,long class,188,200,23,20,../input_projects/java_projects/eclipse-collections-11.1.0/eclipse-collections/src/main/java/org/eclipse/collections/impl/map/mutable/AbstractMutableMapIterable.java
43,long class,409,200,54,20,../input_projects/java_projects/eclipse-collections-11.1.0/eclipse-collections/src/main/java/org/eclipse/collections/impl/map/mutable/ConcurrentMutableHashMap.java
33,long class,315,200,27,20,../input_projects/java_projects/eclipse-collections-11.1.0/eclipse-collections/src/main/java/org/eclipse/collections/impl/map/immutable/ImmutableQuadrupletonMap.java
33,long class,232,200,27,20,../input_projects/java_projects/eclipse-collections-11.1.0/eclipse-collections/src/main/java/org/eclipse/collections/impl/map/immutable/ImmutableDoubletonMap.java
33,long class,267,200,27,20,../input_projects/java_projects/eclipse-collections-11.1.0/eclipse-collections/src/main/java/org/eclipse/collections/impl/map/immutable/ImmutableTripletonMap.java
91,long class,420,200,57,20,../input_projects/java_projects/eclipse-collections-11.1.0/eclipse-collections/src/main/java/org/eclipse/collections/impl/map/immutable/AbstractImmutableMap.java
34,long class,161,200,26,20,../input_projects/java_projects/eclipse-collections-11.1.0/eclipse-collections/src/main/java/org/eclipse/collections/impl/map/immutable/ImmutableUnifiedMap.java
32,long class,186,200,26,20,../input_projects/java_projects/eclipse-collections-11.1.0/eclipse-collections/src/main/java/org/eclipse/collections/impl/map/immutable/ImmutableSingletonMap.java
36,long class,200,200,32,20,../input_projects/java_projects/eclipse-collections-11.1.0/eclipse-collections/src/main/java/org/eclipse/collections/impl/map/immutable/ImmutableEmptyMap.java
28,long class,221,200,33,20,../input_projects/java_projects/eclipse-collections-11.1.0/eclipse-collections/src/main/java/org/eclipse/collections/impl/map/AbstractMapIterable.java
38,long class,229,200,31,20,../input_projects/java_projects/eclipse-collections-11.1.0/eclipse-collections/src/main/java/org/eclipse/collections/impl/map/fixed/SingletonMap.java
40,long class,365,200,34,20,../input_projects/java_projects/eclipse-collections-11.1.0/eclipse-collections/src/main/java/org/eclipse/collections/impl/map/fixed/TripletonMap.java
39,long class,292,200,33,20,../input_projects/java_projects/eclipse-collections-11.1.0/eclipse-collections/src/main/java/org/eclipse/collections/impl/map/fixed/DoubletonMap.java
34,long class,179,200,29,20,../input_projects/java_projects/eclipse-collections-11.1.0/eclipse-collections/src/main/java/org/eclipse/collections/impl/map/fixed/EmptyMap.java
19,long class,146,200,23,20,../input_projects/java_projects/eclipse-collections-11.1.0/eclipse-collections/src/main/java/org/eclipse/collections/impl/map/sorted/mutable/MutableSortedMapFactoryImpl.java
39,long class,409,200,58,20,../input_projects/java_projects/eclipse-collections-11.1.0/eclipse-collections/src/main/java/org/eclipse/collections/impl/map/sorted/mutable/TreeSortedMap.java
104,long class,1266,200,197,20,../input_projects/java_projects/eclipse-collections-11.1.0/eclipse-collections/src/main/java/org/eclipse/collections/impl/map/sorted/mutable/UnmodifiableTreeMap.java
71,long class,304,200,47,20,../input_projects/java_projects/eclipse-collections-11.1.0/eclipse-collections/src/main/java/org/eclipse/collections/impl/map/sorted/mutable/AbstractMutableSortedMap.java
41,long class,268,200,36,20,../input_projects/java_projects/eclipse-collections-11.1.0/eclipse-collections/src/main/java/org/eclipse/collections/impl/map/sorted/mutable/SortedMapAdapter.java
71,long class,682,200,84,20,../input_projects/java_projects/eclipse-collections-11.1.0/eclipse-collections/src/main/java/org/eclipse/collections/impl/map/sorted/mutable/SynchronizedSortedMap.java
20,long class,153,200,23,20,../input_projects/java_projects/eclipse-collections-11.1.0/eclipse-collections/src/main/java/org/eclipse/collections/impl/map/sorted/immutable/ImmutableSortedMapFactoryImpl.java
96,long class,516,200,72,20,../input_projects/java_projects/eclipse-collections-11.1.0/eclipse-collections/src/main/java/org/eclipse/collections/impl/map/sorted/immutable/AbstractImmutableSortedMap.java
41,long class,264,200,41,20,../input_projects/java_projects/eclipse-collections-11.1.0/eclipse-collections/src/main/java/org/eclipse/collections/impl/map/sorted/immutable/ImmutableEmptySortedMap.java
47,long class,385,200,38,20,../input_projects/java_projects/eclipse-collections-11.1.0/eclipse-collections/src/main/java/org/eclipse/collections/impl/map/sorted/immutable/ImmutableTreeMap.java
107,long class,1460,200,223,20,../input_projects/java_projects/eclipse-collections-11.1.0/eclipse-collections/src/main/java/org/eclipse/collections/impl/map/ordered/mutable/UnmodifiableMutableOrderedMap.java
91,long class,680,200,97,20,../input_projects/java_projects/eclipse-collections-11.1.0/eclipse-collections/src/main/java/org/eclipse/collections/impl/map/ordered/mutable/OrderedMapAdapter.java
45,long class,486,200,55,20,../input_projects/java_projects/eclipse-collections-11.1.0/eclipse-collections/src/main/java/org/eclipse/collections/impl/map/AbstractSynchronizedMapIterable.java
65,long class,2886,200,179,20,../input_projects/java_projects/eclipse-collections-11.1.0/eclipse-collections/src/main/java/org/eclipse/collections/impl/map/strategy/mutable/UnifiedMapWithHashingStrategy.java
1714,long class,313,200,24,20,../input_projects/java_projects/eclipse-collections-11.1.0/eclipse-collections/src/main/java/org/eclipse/collections/impl/map/strategy/mutable/UnifiedMapWithHashingStrategy.java
2170,long class,363,200,26,20,../input_projects/java_projects/eclipse-collections-11.1.0/eclipse-collections/src/main/java/org/eclipse/collections/impl/map/strategy/mutable/UnifiedMapWithHashingStrategy.java
2662,long class,217,200,18,20,../input_projects/java_projects/eclipse-collections-11.1.0/eclipse-collections/src/main/java/org/eclipse/collections/impl/map/strategy/mutable/UnifiedMapWithHashingStrategy.java
41,long class,235,200,33,20,../input_projects/java_projects/eclipse-collections-11.1.0/eclipse-collections/src/main/java/org/eclipse/collections/impl/map/strategy/immutable/ImmutableUnifiedMapWithHashingStrategy.java
39,long class,200,200,32,20,../input_projects/java_projects/eclipse-collections-11.1.0/eclipse-collections/src/main/java/org/eclipse/collections/impl/map/strategy/immutable/ImmutableEmptyMapWithHashingStrategy.java
32,long class,351,200,37,20,../input_projects/java_projects/eclipse-collections-11.1.0/eclipse-collections/src/main/java/org/eclipse/collections/impl/multimap/AbstractMutableMultimap.java
34,long class,383,200,44,20,../input_projects/java_projects/eclipse-collections-11.1.0/eclipse-collections/src/main/java/org/eclipse/collections/impl/multimap/AbstractSynchronizedMultimap.java
32,long class,247,200,29,20,../input_projects/java_projects/eclipse-collections-11.1.0/eclipse-collections/src/main/java/org/eclipse/collections/impl/multimap/AbstractMultimap.java
39,long class,150,200,25,20,../input_projects/java_projects/eclipse-collections-11.1.0/eclipse-collections/src/main/java/org/eclipse/collections/impl/multimap/list/SynchronizedPutFastListMultimap.java
43,long class,145,200,23,20,../input_projects/java_projects/eclipse-collections-11.1.0/eclipse-collections/src/main/java/org/eclipse/collections/impl/multimap/list/ImmutableListMultimapImpl.java
27,long class,207,200,23,20,../input_projects/java_projects/eclipse-collections-11.1.0/eclipse-collections/src/main/java/org/eclipse/collections/impl/multimap/list/SynchronizedListMultimap.java
39,long class,149,200,25,20,../input_projects/java_projects/eclipse-collections-11.1.0/eclipse-collections/src/main/java/org/eclipse/collections/impl/multimap/set/SynchronizedPutUnifiedSetMultimap.java
27,long class,207,200,23,20,../input_projects/java_projects/eclipse-collections-11.1.0/eclipse-collections/src/main/java/org/eclipse/collections/impl/multimap/set/SynchronizedSetMultimap.java
40,long class,175,200,28,20,../input_projects/java_projects/eclipse-collections-11.1.0/eclipse-collections/src/main/java/org/eclipse/collections/impl/multimap/set/sorted/TreeSortedSetMultimap.java
49,long class,176,200,27,20,../input_projects/java_projects/eclipse-collections-11.1.0/eclipse-collections/src/main/java/org/eclipse/collections/impl/multimap/set/sorted/ImmutableSortedSetMultimapImpl.java
29,long class,207,200,23,20,../input_projects/java_projects/eclipse-collections-11.1.0/eclipse-collections/src/main/java/org/eclipse/collections/impl/multimap/set/sorted/SynchronizedSortedSetMultimap.java
43,long class,167,200,27,20,../input_projects/java_projects/eclipse-collections-11.1.0/eclipse-collections/src/main/java/org/eclipse/collections/impl/multimap/set/sorted/SynchronizedPutTreeSortedSetMultimap.java
43,long class,145,200,23,20,../input_projects/java_projects/eclipse-collections-11.1.0/eclipse-collections/src/main/java/org/eclipse/collections/impl/multimap/set/ImmutableSetMultimapImpl.java
32,long class,148,200,23,20,../input_projects/java_projects/eclipse-collections-11.1.0/eclipse-collections/src/main/java/org/eclipse/collections/impl/multimap/set/strategy/UnifiedSetWithHashingStrategyMultimap.java
44,long class,191,200,27,20,../input_projects/java_projects/eclipse-collections-11.1.0/eclipse-collections/src/main/java/org/eclipse/collections/impl/multimap/bag/ImmutableBagMultimapImpl.java
37,long class,167,200,26,20,../input_projects/java_projects/eclipse-collections-11.1.0/eclipse-collections/src/main/java/org/eclipse/collections/impl/multimap/bag/SynchronizedPutHashBagMultimap.java
26,long class,216,200,24,20,../input_projects/java_projects/eclipse-collections-11.1.0/eclipse-collections/src/main/java/org/eclipse/collections/impl/multimap/bag/SynchronizedBagMultimap.java
28,long class,207,200,23,20,../input_projects/java_projects/eclipse-collections-11.1.0/eclipse-collections/src/main/java/org/eclipse/collections/impl/multimap/bag/sorted/mutable/SynchronizedSortedBagMultimap.java
41,long class,175,200,28,20,../input_projects/java_projects/eclipse-collections-11.1.0/eclipse-collections/src/main/java/org/eclipse/collections/impl/multimap/bag/sorted/mutable/TreeBagMultimap.java
44,long class,176,200,27,20,../input_projects/java_projects/eclipse-collections-11.1.0/eclipse-collections/src/main/java/org/eclipse/collections/impl/multimap/bag/sorted/immutable/ImmutableSortedBagMultimapImpl.java
45,long class,176,200,28,20,../input_projects/java_projects/eclipse-collections-11.1.0/eclipse-collections/src/main/java/org/eclipse/collections/impl/multimap/bag/sorted/TreeBagMultimap.java
32,long class,157,200,24,20,../input_projects/java_projects/eclipse-collections-11.1.0/eclipse-collections/src/main/java/org/eclipse/collections/impl/multimap/bag/strategy/HashBagMultimapWithHashingStrategy.java
44,long class,165,200,26,20,../input_projects/java_projects/eclipse-collections-11.1.0/eclipse-collections/src/main/java/org/eclipse/collections/impl/multimap/bag/TreeBagMultimap.java
96,long class,570,200,72,20,../input_projects/java_projects/eclipse-collections-11.1.0/eclipse-collections/src/main/java/org/eclipse/collections/impl/AbstractRichIterable.java
71,long class,778,200,91,20,../input_projects/java_projects/eclipse-collections-11.1.0/eclipse-collections/src/main/java/org/eclipse/collections/impl/list/mutable/SynchronizedMutableList.java
87,long class,1517,200,189,20,../input_projects/java_projects/eclipse-collections-11.1.0/eclipse-collections/src/main/java/org/eclipse/collections/impl/list/mutable/MultiReaderFastList.java
815,long class,534,200,81,20,../input_projects/java_projects/eclipse-collections-11.1.0/eclipse-collections/src/main/java/org/eclipse/collections/impl/list/mutable/MultiReaderFastList.java
63,long class,539,200,85,20,../input_projects/java_projects/eclipse-collections-11.1.0/eclipse-collections/src/main/java/org/eclipse/collections/impl/list/mutable/UnmodifiableMutableList.java
51,long class,955,200,87,20,../input_projects/java_projects/eclipse-collections-11.1.0/eclipse-collections/src/main/java/org/eclipse/collections/impl/list/mutable/primitive/BooleanArrayList.java
45,long class,264,200,42,20,../input_projects/java_projects/eclipse-collections-11.1.0/eclipse-collections/src/main/java/org/eclipse/collections/impl/list/mutable/AbstractListAdapter.java
54,long class,685,200,65,20,../input_projects/java_projects/eclipse-collections-11.1.0/eclipse-collections/src/main/java/org/eclipse/collections/impl/list/mutable/CompositeFastList.java
115,long class,1545,200,181,20,../input_projects/java_projects/eclipse-collections-11.1.0/eclipse-collections/src/main/java/org/eclipse/collections/impl/list/mutable/FastList.java
71,long class,918,200,130,20,../input_projects/java_projects/eclipse-collections-11.1.0/eclipse-collections/src/main/java/org/eclipse/collections/impl/list/mutable/AbstractMutableList.java
584,long class,245,200,31,20,../input_projects/java_projects/eclipse-collections-11.1.0/eclipse-collections/src/main/java/org/eclipse/collections/impl/list/mutable/AbstractMutableList.java
45,long class,393,200,60,20,../input_projects/java_projects/eclipse-collections-11.1.0/eclipse-collections/src/main/java/org/eclipse/collections/impl/list/mutable/ArrayListAdapter.java
45,long class,303,200,43,20,../input_projects/java_projects/eclipse-collections-11.1.0/eclipse-collections/src/main/java/org/eclipse/collections/impl/list/mutable/ListAdapter.java
45,long class,370,200,56,20,../input_projects/java_projects/eclipse-collections-11.1.0/eclipse-collections/src/main/java/org/eclipse/collections/impl/list/mutable/RandomAccessListAdapter.java
23,long class,271,200,30,20,../input_projects/java_projects/eclipse-collections-11.1.0/eclipse-collections/src/main/java/org/eclipse/collections/impl/list/immutable/ImmutableListFactoryImpl.java
102,long class,917,200,104,20,../input_projects/java_projects/eclipse-collections-11.1.0/eclipse-collections/src/main/java/org/eclipse/collections/impl/list/immutable/AbstractImmutableList.java
53,long class,668,200,63,20,../input_projects/java_projects/eclipse-collections-11.1.0/eclipse-collections/src/main/java/org/eclipse/collections/impl/list/immutable/primitive/ImmutableBooleanArrayList.java
60,long class,601,200,78,20,../input_projects/java_projects/eclipse-collections-11.1.0/eclipse-collections/src/main/java/org/eclipse/collections/impl/list/immutable/ImmutableArrayList.java
47,long class,517,200,79,20,../input_projects/java_projects/eclipse-collections-11.1.0/eclipse-collections/src/main/java/org/eclipse/collections/impl/list/immutable/ImmutableEmptyList.java
57,long class,1016,200,88,20,../input_projects/java_projects/eclipse-collections-11.1.0/eclipse-collections/src/main/java/org/eclipse/collections/impl/list/Interval.java
57,long class,986,200,87,20,../input_projects/java_projects/eclipse-collections-11.1.0/eclipse-collections/src/main/java/org/eclipse/collections/impl/list/primitive/IntInterval.java
59,long class,1024,200,87,20,../input_projects/java_projects/eclipse-collections-11.1.0/eclipse-collections/src/main/java/org/eclipse/collections/impl/list/primitive/LongInterval.java
42,long class,233,200,37,20,../input_projects/java_projects/eclipse-collections-11.1.0/eclipse-collections/src/main/java/org/eclipse/collections/impl/list/fixed/EmptyList.java
39,long class,194,200,28,20,../input_projects/java_projects/eclipse-collections-11.1.0/eclipse-collections/src/main/java/org/eclipse/collections/impl/list/fixed/SingletonList.java
47,long class,509,200,74,20,../input_projects/java_projects/eclipse-collections-11.1.0/eclipse-collections/src/main/java/org/eclipse/collections/impl/list/fixed/AbstractArrayAdapter.java
27,long class,218,200,17,20,../input_projects/java_projects/eclipse-collections-11.1.0/eclipse-collections/src/main/java/org/eclipse/collections/impl/list/fixed/SextupletonList.java
43,long class,186,200,25,20,../input_projects/java_projects/eclipse-collections-11.1.0/eclipse-collections/src/main/java/org/eclipse/collections/impl/list/fixed/ArrayAdapter.java
29,long class,249,200,36,20,../input_projects/java_projects/eclipse-collections-11.1.0/eclipse-collections/src/main/java/org/eclipse/collections/impl/list/fixed/AbstractMemoryEfficientMutableList.java
34,long class,186,200,25,20,../input_projects/java_projects/eclipse-collections-11.1.0/eclipse-collections/src/main/java/org/eclipse/collections/impl/lazy/CollectIterable.java
37,long class,314,200,52,20,../input_projects/java_projects/eclipse-collections-11.1.0/eclipse-collections/src/main/java/org/eclipse/collections/impl/lazy/parallel/NonParallelIterable.java
71,long class,697,200,57,20,../input_projects/java_projects/eclipse-collections-11.1.0/eclipse-collections/src/main/java/org/eclipse/collections/impl/lazy/parallel/AbstractParallelIterable.java
41,long class,753,200,56,20,../input_projects/java_projects/eclipse-collections-11.1.0/eclipse-collections/src/main/java/org/eclipse/collections/impl/lazy/parallel/AbstractMultiReaderParallelIterable.java
42,long class,489,200,56,20,../input_projects/java_projects/eclipse-collections-11.1.0/eclipse-collections/src/main/java/org/eclipse/collections/impl/lazy/parallel/AbstractSynchronizedParallelIterable.java
82,long class,342,200,51,20,../input_projects/java_projects/eclipse-collections-11.1.0/eclipse-collections/src/main/java/org/eclipse/collections/impl/lazy/AbstractLazyIterable.java
32,long class,158,200,21,20,../input_projects/java_projects/eclipse-collections-11.1.0/eclipse-collections/src/main/java/org/eclipse/collections/impl/lazy/primitive/CollectBooleanIterable.java
31,long class,190,200,31,20,../input_projects/java_projects/eclipse-collections-11.1.0/eclipse-collections/src/main/java/org/eclipse/collections/impl/lazy/LazyIterableAdapter.java
70,long class,727,200,117,20,../input_projects/java_projects/eclipse-collections-11.1.0/eclipse-collections/src/main/java/org/eclipse/collections/impl/bimap/AbstractBiMap.java
79,long class,1136,200,186,20,../input_projects/java_projects/eclipse-collections-11.1.0/eclipse-collections/src/main/java/org/eclipse/collections/impl/bimap/mutable/UnmodifiableBiMap.java
72,long class,1191,200,130,20,../input_projects/java_projects/eclipse-collections-11.1.0/eclipse-collections/src/main/java/org/eclipse/collections/impl/bimap/mutable/AbstractMutableBiMap.java
973,long class,273,200,27,20,../input_projects/java_projects/eclipse-collections-11.1.0/eclipse-collections/src/main/java/org/eclipse/collections/impl/bimap/mutable/AbstractMutableBiMap.java
39,long class,375,200,44,20,../input_projects/java_projects/eclipse-collections-11.1.0/eclipse-collections/src/main/java/org/eclipse/collections/impl/bimap/mutable/SynchronizedBiMap.java
73,long class,430,200,63,20,../input_projects/java_projects/eclipse-collections-11.1.0/eclipse-collections/src/main/java/org/eclipse/collections/impl/bimap/immutable/AbstractImmutableBiMap.java
78,long class,822,200,131,20,../input_projects/java_projects/eclipse-collections-11.1.0/eclipse-collections/src/main/java/org/eclipse/collections/impl/UnmodifiableRichIterable.java
55,long class,589,200,59,20,../input_projects/java_projects/eclipse-collections-11.1.0/eclipse-collections/src/main/java/org/eclipse/collections/impl/string/immutable/CharAdapter.java
50,long class,457,200,59,20,../input_projects/java_projects/eclipse-collections-11.1.0/eclipse-collections/src/main/java/org/eclipse/collections/impl/string/immutable/CodePointList.java
55,long class,765,200,61,20,../input_projects/java_projects/eclipse-collections-11.1.0/eclipse-collections/src/main/java/org/eclipse/collections/impl/string/immutable/CodePointAdapter.java
91,long class,938,200,153,20,../input_projects/java_projects/eclipse-collections-11.1.0/eclipse-collections/src/main/java/org/eclipse/collections/impl/stack/mutable/UnmodifiableStack.java
96,long class,1513,200,166,20,../input_projects/java_projects/eclipse-collections-11.1.0/eclipse-collections/src/main/java/org/eclipse/collections/impl/stack/mutable/SynchronizedStack.java
115,long class,1128,200,168,20,../input_projects/java_projects/eclipse-collections-11.1.0/eclipse-collections/src/main/java/org/eclipse/collections/impl/stack/mutable/ArrayStack.java
119,long class,1113,200,168,20,../input_projects/java_projects/eclipse-collections-11.1.0/eclipse-collections/src/main/java/org/eclipse/collections/impl/stack/immutable/ImmutableArrayStack.java
98,long class,715,200,113,20,../input_projects/java_projects/eclipse-collections-11.1.0/eclipse-collections/src/main/java/org/eclipse/collections/impl/stack/immutable/ImmutableEmptyStack.java
74,long class,461,200,65,20,../input_projects/java_projects/eclipse-collections-11.1.0/eclipse-collections/src/main/java/org/eclipse/collections/impl/stack/immutable/ImmutableNotEmptyStack.java
75,long class,941,200,119,20,../input_projects/java_projects/eclipse-collections-11.1.0/eclipse-collections/src/main/java/org/eclipse/collections/impl/set/mutable/MultiReaderUnifiedSet.java
470,long class,332,200,50,20,../input_projects/java_projects/eclipse-collections-11.1.0/eclipse-collections/src/main/java/org/eclipse/collections/impl/set/mutable/MultiReaderUnifiedSet.java
45,long class,929,200,70,20,../input_projects/java_projects/eclipse-collections-11.1.0/eclipse-collections/src/main/java/org/eclipse/collections/impl/set/mutable/primitive/BooleanHashSet.java
49,long class,1680,200,128,20,../input_projects/java_projects/eclipse-collections-11.1.0/eclipse-collections/src/main/java/org/eclipse/collections/impl/set/mutable/primitive/ByteHashSet.java
1035,long class,647,200,54,20,../input_projects/java_projects/eclipse-collections-11.1.0/eclipse-collections/src/main/java/org/eclipse/collections/impl/set/mutable/primitive/ByteHashSet.java
61,long class,384,200,52,20,../input_projects/java_projects/eclipse-collections-11.1.0/eclipse-collections/src/main/java/org/eclipse/collections/impl/set/mutable/SynchronizedMutableSet.java
38,long class,234,200,35,20,../input_projects/java_projects/eclipse-collections-11.1.0/eclipse-collections/src/main/java/org/eclipse/collections/impl/set/mutable/AbstractMutableSet.java
65,long class,2464,200,139,20,../input_projects/java_projects/eclipse-collections-11.1.0/eclipse-collections/src/main/java/org/eclipse/collections/impl/set/mutable/UnifiedSet.java
1811,long class,208,200,8,20,../input_projects/java_projects/eclipse-collections-11.1.0/eclipse-collections/src/main/java/org/eclipse/collections/impl/set/mutable/UnifiedSet.java
58,long class,348,200,54,20,../input_projects/java_projects/eclipse-collections-11.1.0/eclipse-collections/src/main/java/org/eclipse/collections/impl/set/mutable/UnmodifiableMutableSet.java
53,long class,345,200,49,20,../input_projects/java_projects/eclipse-collections-11.1.0/eclipse-collections/src/main/java/org/eclipse/collections/impl/set/mutable/SetAdapter.java
42,long class,315,200,48,20,../input_projects/java_projects/eclipse-collections-11.1.0/eclipse-collections/src/main/java/org/eclipse/collections/impl/set/AbstractUnifiedSet.java
48,long class,478,200,73,20,../input_projects/java_projects/eclipse-collections-11.1.0/eclipse-collections/src/main/java/org/eclipse/collections/impl/set/immutable/ImmutableEmptySet.java
40,long class,351,200,45,20,../input_projects/java_projects/eclipse-collections-11.1.0/eclipse-collections/src/main/java/org/eclipse/collections/impl/set/immutable/primitive/ImmutableFalseSet.java
40,long class,383,200,45,20,../input_projects/java_projects/eclipse-collections-11.1.0/eclipse-collections/src/main/java/org/eclipse/collections/impl/set/immutable/primitive/ImmutableTrueFalseSet.java
40,long class,286,200,43,20,../input_projects/java_projects/eclipse-collections-11.1.0/eclipse-collections/src/main/java/org/eclipse/collections/impl/set/immutable/primitive/ImmutableBooleanEmptySet.java
40,long class,351,200,45,20,../input_projects/java_projects/eclipse-collections-11.1.0/eclipse-collections/src/main/java/org/eclipse/collections/impl/set/immutable/primitive/ImmutableTrueSet.java
97,long class,371,200,51,20,../input_projects/java_projects/eclipse-collections-11.1.0/eclipse-collections/src/main/java/org/eclipse/collections/impl/set/immutable/AbstractImmutableSet.java
34,long class,172,200,25,20,../input_projects/java_projects/eclipse-collections-11.1.0/eclipse-collections/src/main/java/org/eclipse/collections/impl/set/fixed/EmptySet.java
28,long class,208,200,21,20,../input_projects/java_projects/eclipse-collections-11.1.0/eclipse-collections/src/main/java/org/eclipse/collections/impl/set/fixed/QuadrupletonSet.java
70,long class,628,200,78,20,../input_projects/java_projects/eclipse-collections-11.1.0/eclipse-collections/src/main/java/org/eclipse/collections/impl/set/sorted/mutable/SynchronizedSortedSet.java
90,long class,598,200,82,20,../input_projects/java_projects/eclipse-collections-11.1.0/eclipse-collections/src/main/java/org/eclipse/collections/impl/set/sorted/mutable/SortedSetAdapter.java
63,long class,496,200,79,20,../input_projects/java_projects/eclipse-collections-11.1.0/eclipse-collections/src/main/java/org/eclipse/collections/impl/set/sorted/mutable/UnmodifiableSortedSet.java
95,long class,711,200,100,20,../input_projects/java_projects/eclipse-collections-11.1.0/eclipse-collections/src/main/java/org/eclipse/collections/impl/set/sorted/mutable/TreeSortedSet.java
55,long class,582,200,56,20,../input_projects/java_projects/eclipse-collections-11.1.0/eclipse-collections/src/main/java/org/eclipse/collections/impl/set/sorted/immutable/ImmutableTreeSet.java
41,long class,277,200,42,20,../input_projects/java_projects/eclipse-collections-11.1.0/eclipse-collections/src/main/java/org/eclipse/collections/impl/set/sorted/immutable/ImmutableEmptySortedSet.java
103,long class,415,200,59,20,../input_projects/java_projects/eclipse-collections-11.1.0/eclipse-collections/src/main/java/org/eclipse/collections/impl/set/sorted/immutable/AbstractImmutableSortedSet.java
63,long class,2611,200,147,20,../input_projects/java_projects/eclipse-collections-11.1.0/eclipse-collections/src/main/java/org/eclipse/collections/impl/set/strategy/mutable/UnifiedSetWithHashingStrategy.java
1881,long class,208,200,8,20,../input_projects/java_projects/eclipse-collections-11.1.0/eclipse-collections/src/main/java/org/eclipse/collections/impl/set/strategy/mutable/UnifiedSetWithHashingStrategy.java
34,long class,155,200,25,20,../input_projects/java_projects/eclipse-collections-11.1.0/eclipse-collections/src/main/java/org/eclipse/collections/impl/set/strategy/immutable/ImmutableEmptySetWithHashingStrategy.java
65,long class,401,200,53,20,../input_projects/java_projects/eclipse-collections-11.1.0/eclipse-collections/src/main/java/org/eclipse/collections/impl/bag/mutable/SynchronizedBag.java
51,long class,279,200,39,20,../input_projects/java_projects/eclipse-collections-11.1.0/eclipse-collections/src/main/java/org/eclipse/collections/impl/bag/mutable/AbstractMutableBagIterable.java
37,long class,184,200,22,20,../input_projects/java_projects/eclipse-collections-11.1.0/eclipse-collections/src/main/java/org/eclipse/collections/impl/bag/mutable/AbstractMutableBag.java
67,long class,427,200,64,20,../input_projects/java_projects/eclipse-collections-11.1.0/eclipse-collections/src/main/java/org/eclipse/collections/impl/bag/mutable/UnmodifiableBag.java
53,long class,918,200,74,20,../input_projects/java_projects/eclipse-collections-11.1.0/eclipse-collections/src/main/java/org/eclipse/collections/impl/bag/mutable/primitive/BooleanHashBag.java
33,long class,377,200,34,20,../input_projects/java_projects/eclipse-collections-11.1.0/eclipse-collections/src/main/java/org/eclipse/collections/impl/bag/mutable/AbstractHashBag.java
75,long class,994,200,127,20,../input_projects/java_projects/eclipse-collections-11.1.0/eclipse-collections/src/main/java/org/eclipse/collections/impl/bag/mutable/MultiReaderHashBag.java
675,long class,359,200,55,20,../input_projects/java_projects/eclipse-collections-11.1.0/eclipse-collections/src/main/java/org/eclipse/collections/impl/bag/mutable/MultiReaderHashBag.java
49,long class,524,200,57,20,../input_projects/java_projects/eclipse-collections-11.1.0/eclipse-collections/src/main/java/org/eclipse/collections/impl/bag/immutable/ImmutableArrayBag.java
56,long class,519,200,71,20,../input_projects/java_projects/eclipse-collections-11.1.0/eclipse-collections/src/main/java/org/eclipse/collections/impl/bag/immutable/ImmutableSingletonBag.java
93,long class,704,200,106,20,../input_projects/java_projects/eclipse-collections-11.1.0/eclipse-collections/src/main/java/org/eclipse/collections/impl/bag/immutable/ImmutableEmptyBag.java
61,long class,639,200,102,20,../input_projects/java_projects/eclipse-collections-11.1.0/eclipse-collections/src/main/java/org/eclipse/collections/impl/bag/immutable/ImmutableHashBag.java
65,long class,195,200,24,20,../input_projects/java_projects/eclipse-collections-11.1.0/eclipse-collections/src/main/java/org/eclipse/collections/impl/bag/immutable/AbstractImmutableBag.java
81,long class,885,200,48,20,../input_projects/java_projects/eclipse-collections-11.1.0/eclipse-collections/src/main/java/org/eclipse/collections/impl/bag/AbstractBag.java
68,long class,522,200,83,20,../input_projects/java_projects/eclipse-collections-11.1.0/eclipse-collections/src/main/java/org/eclipse/collections/impl/bag/sorted/mutable/UnmodifiableSortedBag.java
67,long class,293,200,38,20,../input_projects/java_projects/eclipse-collections-11.1.0/eclipse-collections/src/main/java/org/eclipse/collections/impl/bag/sorted/mutable/AbstractMutableSortedBag.java
61,long class,730,200,68,20,../input_projects/java_projects/eclipse-collections-11.1.0/eclipse-collections/src/main/java/org/eclipse/collections/impl/bag/sorted/mutable/TreeBag.java
71,long class,686,200,78,20,../input_projects/java_projects/eclipse-collections-11.1.0/eclipse-collections/src/main/java/org/eclipse/collections/impl/bag/sorted/mutable/SynchronizedSortedBag.java
57,long class,459,200,69,20,../input_projects/java_projects/eclipse-collections-11.1.0/eclipse-collections/src/main/java/org/eclipse/collections/impl/bag/sorted/immutable/ImmutableEmptySortedBag.java
56,long class,782,200,63,20,../input_projects/java_projects/eclipse-collections-11.1.0/eclipse-collections/src/main/java/org/eclipse/collections/impl/bag/sorted/immutable/ImmutableSortedBagImpl.java
84,long class,385,200,42,20,../input_projects/java_projects/eclipse-collections-11.1.0/eclipse-collections/src/main/java/org/eclipse/collections/impl/bag/sorted/immutable/AbstractImmutableSortedBag.java
80,long class,213,200,27,20,../input_projects/java_projects/eclipse-collections-11.1.0/eclipse-collections/src/main/java/org/eclipse/collections/impl/factory/Sets.java
28,long class,355,200,66,20,../input_projects/java_projects/eclipse-collections-11.1.0/eclipse-collections/src/main/java/org/eclipse/collections/impl/factory/Iterables.java
37,long class,790,200,122,20,../input_projects/java_projects/eclipse-collections-11.1.0/eclipse-collections/src/main/java/org/eclipse/collections/impl/factory/Multimaps.java
48,long class,394,200,57,20,../input_projects/java_projects/eclipse-collections-11.1.0/eclipse-collections/src/main/java/org/eclipse/collections/impl/factory/Multimaps.java
444,long class,382,200,64,20,../input_projects/java_projects/eclipse-collections-11.1.0/eclipse-collections/src/main/java/org/eclipse/collections/impl/factory/Multimaps.java
48,long class,1170,200,141,20,../input_projects/java_projects/eclipse-collections-11.1.0/eclipse-collections/src/main/java/org/eclipse/collections/impl/block/factory/Functions.java
27,long class,328,200,37,20,../input_projects/java_projects/eclipse-collections-11.1.0/eclipse-collections/src/main/java/org/eclipse/collections/impl/block/factory/PrimitiveFunctions.java
18,long class,215,200,20,20,../input_projects/java_projects/eclipse-collections-11.1.0/eclipse-collections/src/main/java/org/eclipse/collections/impl/block/factory/primitive/BooleanPredicates.java
24,long class,190,200,22,20,../input_projects/java_projects/eclipse-collections-11.1.0/eclipse-collections/src/main/java/org/eclipse/collections/impl/block/factory/Functions2.java
19,long class,726,200,94,20,../input_projects/java_projects/eclipse-collections-11.1.0/eclipse-collections/src/main/java/org/eclipse/collections/impl/block/factory/StringPredicates.java
29,long class,257,200,29,20,../input_projects/java_projects/eclipse-collections-11.1.0/eclipse-collections/src/main/java/org/eclipse/collections/impl/block/factory/Procedures.java
32,long class,280,200,30,20,../input_projects/java_projects/eclipse-collections-11.1.0/eclipse-collections/src/main/java/org/eclipse/collections/impl/block/factory/Functions0.java
26,long class,436,200,57,20,../input_projects/java_projects/eclipse-collections-11.1.0/eclipse-collections/src/main/java/org/eclipse/collections/impl/block/factory/HashingStrategies.java
18,long class,243,200,28,20,../input_projects/java_projects/eclipse-collections-11.1.0/eclipse-collections/src/main/java/org/eclipse/collections/impl/block/factory/StringPredicates2.java
25,long class,629,200,77,20,../input_projects/java_projects/eclipse-collections-11.1.0/eclipse-collections/src/main/java/org/eclipse/collections/impl/block/factory/Predicates2.java
34,long class,1523,200,190,20,../input_projects/java_projects/eclipse-collections-11.1.0/eclipse-collections/src/main/java/org/eclipse/collections/impl/block/factory/Predicates.java
31,long class,525,200,53,20,../input_projects/java_projects/eclipse-collections-11.1.0/eclipse-collections/src/main/java/org/eclipse/collections/impl/block/factory/Comparators.java
24,long class,374,200,45,20,../input_projects/java_projects/eclipse-collections-11.1.0/eclipse-collections/src/main/java/org/eclipse/collections/impl/block/factory/StringFunctions.java
89,long class,1731,200,124,20,../input_projects/java_projects/eclipse-collections-11.1.0/eclipse-collections/src/main/java/org/eclipse/collections/impl/utility/ListIterate.java
93,long class,1678,200,123,20,../input_projects/java_projects/eclipse-collections-11.1.0/eclipse-collections/src/main/java/org/eclipse/collections/impl/utility/ArrayIterate.java
94,long class,1950,200,108,20,../input_projects/java_projects/eclipse-collections-11.1.0/eclipse-collections/src/main/java/org/eclipse/collections/impl/utility/ArrayListIterate.java
102,long class,3746,200,136,20,../input_projects/java_projects/eclipse-collections-11.1.0/eclipse-collections/src/main/java/org/eclipse/collections/impl/utility/Iterate.java
106,long class,1687,200,115,20,../input_projects/java_projects/eclipse-collections-11.1.0/eclipse-collections/src/main/java/org/eclipse/collections/impl/utility/internal/RandomAccessListIterate.java
80,long class,1057,200,113,20,../input_projects/java_projects/eclipse-collections-11.1.0/eclipse-collections/src/main/java/org/eclipse/collections/impl/utility/internal/IterableIterate.java
87,long class,1301,200,86,20,../input_projects/java_projects/eclipse-collections-11.1.0/eclipse-collections/src/main/java/org/eclipse/collections/impl/utility/internal/IteratorIterate.java
72,long class,1145,200,78,20,../input_projects/java_projects/eclipse-collections-11.1.0/eclipse-collections/src/main/java/org/eclipse/collections/impl/utility/internal/InternalArrayIterate.java
51,long class,1248,200,110,20,../input_projects/java_projects/eclipse-collections-11.1.0/eclipse-collections/src/main/java/org/eclipse/collections/impl/utility/StringIterate.java
47,long class,182,200,21,20,../input_projects/java_projects/eclipse-collections-11.1.0/eclipse-collections/src/main/java/org/eclipse/collections/impl/utility/LazyIterate.java
97,long class,896,200,70,20,../input_projects/java_projects/eclipse-collections-11.1.0/eclipse-collections/src/main/java/org/eclipse/collections/impl/utility/MapIterate.java
22,long class,342,200,5,20,../input_projects/java_projects/eclipse-collections-11.1.0/eclipse-collections-api/src/main/java/org/eclipse/collections/api/factory/ServiceLoaderUtils.java
16,long class,817,200,80,20,../input_projects/java_projects/eclipse-collections-11.1.0/serialization-tests/src/test/java/org/eclipse/collections/impl/tuple/primitive/PrimitiveTuplesSerializationTest.java
75,long class,788,200,132,20,../input_projects/java_projects/eclipse-collections-11.1.0/serialization-tests/src/test/java/org/eclipse/collections/impl/lazy/primitive/LazyIterableTestHelper.java
16,long class,286,200,25,20,../input_projects/java_projects/eclipse-collections-11.1.0/serialization-tests/src/test/java/org/eclipse/collections/impl/block/factory/StringPredicatesSerializationTest.java
22,long class,472,200,41,20,../input_projects/java_projects/eclipse-collections-11.1.0/serialization-tests/src/test/java/org/eclipse/collections/impl/block/factory/FunctionsSerializationTest.java
16,long class,300,200,22,20,../input_projects/java_projects/eclipse-collections-11.1.0/serialization-tests/src/test/java/org/eclipse/collections/impl/block/factory/ComparatorsSerializationTest.java
16,long class,242,200,21,20,../input_projects/java_projects/eclipse-collections-11.1.0/serialization-tests/src/test/java/org/eclipse/collections/impl/block/factory/Predicates2SerializationTest.java
20,long class,580,200,43,20,../input_projects/java_projects/eclipse-collections-11.1.0/serialization-tests/src/test/java/org/eclipse/collections/impl/block/factory/PredicatesSerializationTest.java